testing.theme1.name,select_one,testing.theme1.name.question1.text,testing.theme1.name.question1.answer1,3
testing.theme1.name,select_one,testing.theme1.name.question1.text,testing.theme1.name.question1.answer2,3
testing.theme1.name,select_one,testing.theme1.name.question1.text,testing.theme1.name.question1.answer3,3
testing.theme1.name,select_one,testing.theme1.name.question1.text,testing.theme1.name.question1.answer4,10
testing.theme1.name,select_one,testing.theme1.name.question2.text,testing.theme1.name.question2.answer1,10
testing.theme1.name,select_one,testing.theme1.name.question2.text,testing.theme1.name.question2.answer2,0
testing.theme1.name,select_one,testing.theme1.name.question2.text,testing.theme1.name.question2.answer3,0
testing.theme1.name,select_one,testing.theme1.name.question2.text,testing.theme1.name.question2.answer4,0
testing.theme1.name,select_one,testing.theme1.name.question3.text,testing.theme1.name.question3.answer1,0
testing.theme1.name,select_one,testing.theme1.name.question3.text,testing.theme1.name.question3.answer2,0
testing.theme1.name,select_one,testing.theme1.name.question3.text,testing.theme1.name.question3.answer3,0
testing.theme1.name,select_one,testing.theme1.name.question3.text,testing.theme1.name.question3.answer4,10
testing.theme1.name,select_one,testing.theme1.name.question4.text,testing.theme1.name.question4.answer1,0
testing.theme1.name,select_one,testing.theme1.name.question4.text,testing.theme1.name.question4.answer2,10
testing.theme1.name,select_one,testing.theme1.name.question4.text,testing.theme1.name.question4.answer3,0
testing.theme1.name,select_one,testing.theme1.name.question4.text,testing.theme1.name.question4.answer4,0
testing.theme1.name,free,testing.theme1.name.question5.text,testing.theme1.name.question5.answer1,10
